symbol,timeframe,timestamp,open,high,low,close,volume,trade_count,vwap
GOOG,1W,2025-07-21T04:00:00Z,186.54,198.38,186.53,193.51,2962145,41196,191.891326
GOOG,1W,2025-07-28T04:00:00Z,193.9,197.9,188.22,189.46,3191135,38671,193.11512
GOOG,1W,2025-08-04T04:00:00Z,190.98,202.85,190.47,201.53,2613265,32956,196.761084
GOOG,1W,2025-08-11T04:00:00Z,200.98,206.72,198.09,204.37,2653870,37869,203.13986
GOOG,1W,2025-08-18T04:00:00Z,204.63,208.61,196.93,206.14,2636418,35779,203.248802
GOOG,1W,2025-08-25T04:00:00Z,206.23,214.68,205.46,213.05,2477605,34918,209.209858
GOOG,1W,2025-09-01T04:00:00Z,208.33,235.44,206.38,234.51,4185359,51295,226.715973
GOOG,1W,2025-09-08T04:00:00Z,235.65,242.09,233.09,240.83,3319317,45735,237.861361
GOOG,1W,2025-09-15T04:00:00Z,245.08,256,244.75,254.69,3353401,47477,250.725135
GOOG,1W,2025-09-22T04:00:00Z,254.21,255.76,241.18,246.58,2385498,33316,248.943537
GOOG,1W,2025-09-29T04:00:00Z,247.79,251.04,238.77,245.9,2698660,37992,244.266083
GOOG,1W,2025-10-06T04:00:00Z,245.75,251.67,236.25,236.98,2360047,39117,244.287881
GOOG,1W,2025-10-13T04:00:00Z,240.77,256.97,240.5,253.3,2126178,36310,248.902998
GOOG,1W,2025-10-20T04:00:00Z,254.59,261.97,244.2,260.02,3599024,56497,254.272166
GOOG,1W,2025-10-27T04:00:00Z,264.84,291.28,264.52,281.34,4987165,75427,274.439263
GOOG,1W,2025-11-03T05:00:00Z,282.03,288.19,275.22,279.09,3287414,52756,281.72328
GOOG,1W,2025-11-10T05:00:00Z,284.65,291.76,271.19,276.44,2522698,39837,283.915811
GOOG,1W,2025-11-17T05:00:00Z,285.78,306.25,278.54,299.03,4670881,74971,294.138395
GOOG,1W,2025-11-24T05:00:00Z,310.18,327.9,308.83,319.39,3773123,57265,318.808512
GOOG,1W,2025-12-01T05:00:00Z,317.07,323.03,313.44,321.52,2376006,41914,317.724158
GOOG,1W,2025-12-08T05:00:00Z,320.52,321.5,306.58,310.15,2517380,45979,314.889721
GOOG,1W,2025-12-15T05:00:00Z,312.22,312.22,297.27,308.54,2825086,43524,304.775762
GOOG,1W,2025-12-22T05:00:00Z,310.81,316.07,306.2,314.58,869787,15930,312.64458
GOOG,1W,2025-12-29T05:00:00Z,312.41,322.46,310.34,314.92,1450832,25575,314.732551
GOOG,1W,2026-01-05T05:00:00Z,317.65,330.9,311.93,328.74,1958129,32927,322.166017
GOOG,1W,2026-01-12T05:00:00Z,325.68,340.7,325.4,330.01,1355366,26342,333.026347
GOOG,1W,2026-01-19T05:00:00Z,320.68,334.59,319.58,328.01,1821610,25357,327.89873
GOOG,1W,2026-01-26T05:00:00Z,327.87,341.35,326.37,337.9,1706286,27490,335.030677
GOOG,1W,2026-02-02T05:00:00Z,336,349.64,306.8,322.65,3262463,47415,330.057041
GOOG,1W,2026-02-09T05:00:00Z,320.85,327.26,303.64,305.49,2446406,33973,315.199543
GOOG,1W,2026-02-16T05:00:00Z,300.27,316.35,296.54,314.35,1806199,28366,306.526369
GOOG,1W,2026-02-23T05:00:00Z,318.66,318.77,302.02,310.82,2074493,38328,309.504601
GOOG,1W,2026-03-02T05:00:00Z,302.57,307.7,294.86,297.84,1560422,29958,301.558845
GOOG,1W,2026-03-09T04:00:00Z,293.98,310.8,293.75,301.29,1942941,37149,303.330693
GOOG,1W,2026-03-16T04:00:00Z,303.42,310.53,296.63,298.52,2154182,38367,304.051386
GOOG,1W,2026-03-23T04:00:00Z,300.69,303.15,273.34,273.61,3093690,50897,287.691907
GOOG,1W,2026-03-30T04:00:00Z,275.11,297.74,271.4,294.27,2186611,36407,286.040638
GOOG,1W,2026-04-06T04:00:00Z,293.79,319.1,293.79,315.54,1631898,28561,307.153966
GOOG,1W,2026-04-13T04:00:00Z,315.71,339.76,313.73,339.14,1410182,26202,330.136792
GOOG,1W,2026-04-20T04:00:00Z,338.72,343.09,329.59,342.07,1568706,28938,336.602842
GOOG,1W,2026-04-27T04:00:00Z,343.63,383.14,340.75,383.05,3007536,55913,366.410959
GOOG,1W,2026-05-04T04:00:00Z,382.09,398.05,376.6,396.65,2325807,55867,387.529752
GOOG,1W,2026-05-11T04:00:00Z,390.95,399.55,379.51,392.97,1799078,49286,391.214843
GOOG,1W,2026-05-18T04:00:00Z,391.89,404.23,378.06,379.17,2053488,51304,387.141491
GOOG,1W,2026-05-25T04:00:00Z,380.77,389.43,374.11,376.14,2547821,56514,383.53175
GOOG,1W,2026-06-01T04:00:00Z,372.35,374.36,354.31,365.94,3593718,89930,362.766099
GOOG,1W,2026-06-08T04:00:00Z,362.855,369.66,343.69,358.09,3082610,77017,357.702994
GOOG,1W,2026-06-15T04:00:00Z,365.8,373.5,356.68,367.18,2075662,41929,365.918671
GOOG,1W,2026-06-22T04:00:00Z,357.115,358.08,333.72,334.58,3623409,76330,343.427394
GOOG,1W,2026-06-29T04:00:00Z,339.85,360.99,339.08,356.03,2828306,52509,352.709946
GOOG,1W,2026-07-06T04:00:00Z,358.195,370.75,348.695,355.04,2286775,49032,358.924891
GOOG,1W,2026-07-13T04:00:00Z,353.99,374.305,341.14,346.17,3189157,69759,358.639767
